Headers,HeadersThumbs,HeadersDisplay,collection1Thumbs,collection1HD,collection2Thumbs,collection2HD,collection3Thumbs,collection3HD,collection4Thumbs,collection4HD,collection5Thumbs,collection5HD,collection6Thumbs,collection6HD,collection7Thumbs,collection7HD,collection8Thumbs,collection8HD,collection9Thumbs,collection9HD,collection10Thumbs,collection10HD,collection11Thumbs,collection11HD,collection12Thumbs,collection12HD,collection13Thumbs,collection13HD
collection1,https://raw.githubusercontent.com/indpDB/UC-ImageApps-HinduGodWallpapers/master/C1/TH/1.png,Yes,https://raw.githubusercontent.com/indpDB/UC-ImageApps-HinduGodWallpapers/master/C1/TH/1.png,https://raw.githubusercontent.com/indpDB/UC-ImageApps-HinduGodWallpapers/master/C1/HD/1.png,https://raw.githubusercontent.com/indpDB/UC-ImageApps-HinduGodWallpapers/master/C2/TH/1.png,https://raw.githubusercontent.com/indpDB/UC-ImageApps-HinduGodWallpapers/master/C2/HD/1.png,https://raw.githubusercontent.com/indpDB/UC-ImageApps-HinduGodWallpapers/master/C3/TH/1.png,https://raw.githubusercontent.com/indpDB/UC-ImageApps-HinduGodWallpapers/master/C3/HD/1.png,https://raw.githubusercontent.com/indpDB/UC-ImageApps-HinduGodWallpapers/master/C4/TH/1.png,https://raw.githubusercontent.com/indpDB/UC-ImageApps-HinduGodWallpapers/master/C4/HD/1.png,https://raw.githubusercontent.com/indpDB/UC-ImageApps-HinduGodWallpapers/master/C5/TH/1.png,https://raw.githubusercontent.com/indpDB/UC-ImageApps-HinduGodWallpapers/master/C5/HD/1.png,https://raw.githubusercontent.com/indpDB/UC-ImageApps-HinduGodWallpapers/master/C6/TH/1.png,https://raw.githubusercontent.com/indpDB/UC-ImageApps-HinduGodWallpapers/master/C6/HD/1.png,https://raw.githubusercontent.com/indpDB/UC-ImageApps-HinduGodWallpapers/master/C7/TH/1.png,https://raw.githubusercontent.com/indpDB/UC-ImageApps-HinduGodWallpapers/master/C7/HD/1.png,https://raw.githubusercontent.com/indpDB/UC-ImageApps-HinduGodWallpapers/master/C8/TH/1.png,https://raw.githubusercontent.com/indpDB/UC-ImageApps-HinduGodWallpapers/master/C8/HD/1.png,https://raw.githubusercontent.com/indpDB/UC-ImageApps-HinduGodWallpapers/master/C9/TH/1.png,https://raw.githubusercontent.com/indpDB/UC-ImageApps-HinduGodWallpapers/master/C9/HD/1.png,https://raw.githubusercontent.com/indpDB/UC-ImageApps-HinduGodWallpapers/master/C10/TH/1.png,https://raw.githubusercontent.com/indpDB/UC-ImageApps-HinduGodWallpapers/master/C10/HD/1.png,https://raw.githubusercontent.com/indpDB/UC-ImageApps-HinduGodWallpapers/master/C11/TH/1.png,https://raw.githubusercontent.com/indpDB/UC-ImageApps-HinduGodWallpapers/master/C11/HD/1.png,https://raw.githubusercontent.com/indpDB/UC-ImageApps-HinduGodWallpapers/master/C12/TH/1.png,https://raw.githubusercontent.com/indpDB/UC-ImageApps-HinduGodWallpapers/master/C12/HD/1.png,https://raw.githubusercontent.com/indpDB/UC-ImageApps-HinduGodWallpapers/master/C13/TH/1.png,https://raw.githubusercontent.com/indpDB/UC-ImageApps-HinduGodWallpapers/master/C13/HD/1.png
collection2,https://raw.githubusercontent.com/indpDB/UC-ImageApps-HinduGodWallpapers/master/C2/TH/1.png,Yes,https://raw.githubusercontent.com/indpDB/UC-ImageApps-HinduGodWallpapers/master/C1/TH/2.png,https://raw.githubusercontent.com/indpDB/UC-ImageApps-HinduGodWallpapers/master/C1/HD/2.png,https://raw.githubusercontent.com/indpDB/UC-ImageApps-HinduGodWallpapers/master/C2/TH/2.png,https://raw.githubusercontent.com/indpDB/UC-ImageApps-HinduGodWallpapers/master/C2/HD/2.png,https://raw.githubusercontent.com/indpDB/UC-ImageApps-HinduGodWallpapers/master/C3/TH/2.png,https://raw.githubusercontent.com/indpDB/UC-ImageApps-HinduGodWallpapers/master/C3/HD/2.png,https://raw.githubusercontent.com/indpDB/UC-ImageApps-HinduGodWallpapers/master/C4/TH/2.png,https://raw.githubusercontent.com/indpDB/UC-ImageApps-HinduGodWallpapers/master/C4/HD/2.png,https://raw.githubusercontent.com/indpDB/UC-ImageApps-HinduGodWallpapers/master/C5/TH/2.png,https://raw.githubusercontent.com/indpDB/UC-ImageApps-HinduGodWallpapers/master/C5/HD/2.png,https://raw.githubusercontent.com/indpDB/UC-ImageApps-HinduGodWallpapers/master/C6/TH/2.png,https://raw.githubusercontent.com/indpDB/UC-ImageApps-HinduGodWallpapers/master/C6/HD/2.png,https://raw.githubusercontent.com/indpDB/UC-ImageApps-HinduGodWallpapers/master/C7/TH/2.png,https://raw.githubusercontent.com/indpDB/UC-ImageApps-HinduGodWallpapers/master/C7/HD/2.png,https://raw.githubusercontent.com/indpDB/UC-ImageApps-HinduGodWallpapers/master/C8/TH/2.png,https://raw.githubusercontent.com/indpDB/UC-ImageApps-HinduGodWallpapers/master/C8/HD/2.png,https://raw.githubusercontent.com/indpDB/UC-ImageApps-HinduGodWallpapers/master/C9/TH/2.png,https://raw.githubusercontent.com/indpDB/UC-ImageApps-HinduGodWallpapers/master/C9/HD/2.png,https://raw.githubusercontent.com/indpDB/UC-ImageApps-HinduGodWallpapers/master/C10/TH/2.png,https://raw.githubusercontent.com/indpDB/UC-ImageApps-HinduGodWallpapers/master/C10/HD/2.png,https://raw.githubusercontent.com/indpDB/UC-ImageApps-HinduGodWallpapers/master/C11/TH/2.png,https://raw.githubusercontent.com/indpDB/UC-ImageApps-HinduGodWallpapers/master/C11/HD/2.png,https://raw.githubusercontent.com/indpDB/UC-ImageApps-HinduGodWallpapers/master/C12/TH/2.png,https://raw.githubusercontent.com/indpDB/UC-ImageApps-HinduGodWallpapers/master/C12/HD/2.png,https://raw.githubusercontent.com/indpDB/UC-ImageApps-HinduGodWallpapers/master/C13/TH/2.png,https://raw.githubusercontent.com/indpDB/UC-ImageApps-HinduGodWallpapers/master/C13/HD/2.png
collection3,https://raw.githubusercontent.com/indpDB/UC-ImageApps-HinduGodWallpapers/master/C3/TH/1.png,Yes,https://raw.githubusercontent.com/indpDB/UC-ImageApps-HinduGodWallpapers/master/C1/TH/3.png,https://raw.githubusercontent.com/indpDB/UC-ImageApps-HinduGodWallpapers/master/C1/HD/3.png,https://raw.githubusercontent.com/indpDB/UC-ImageApps-HinduGodWallpapers/master/C2/TH/3.png,https://raw.githubusercontent.com/indpDB/UC-ImageApps-HinduGodWallpapers/master/C2/HD/3.png,https://raw.githubusercontent.com/indpDB/UC-ImageApps-HinduGodWallpapers/master/C3/TH/3.png,https://raw.githubusercontent.com/indpDB/UC-ImageApps-HinduGodWallpapers/master/C3/HD/3.png,https://raw.githubusercontent.com/indpDB/UC-ImageApps-HinduGodWallpapers/master/C4/TH/3.png,https://raw.githubusercontent.com/indpDB/UC-ImageApps-HinduGodWallpapers/master/C4/HD/3.png,https://raw.githubusercontent.com/indpDB/UC-ImageApps-HinduGodWallpapers/master/C5/TH/3.png,https://raw.githubusercontent.com/indpDB/UC-ImageApps-HinduGodWallpapers/master/C5/HD/3.png,https://raw.githubusercontent.com/indpDB/UC-ImageApps-HinduGodWallpapers/master/C6/TH/3.png,https://raw.githubusercontent.com/indpDB/UC-ImageApps-HinduGodWallpapers/master/C6/HD/3.png,https://raw.githubusercontent.com/indpDB/UC-ImageApps-HinduGodWallpapers/master/C7/TH/3.png,https://raw.githubusercontent.com/indpDB/UC-ImageApps-HinduGodWallpapers/master/C7/HD/3.png,https://raw.githubusercontent.com/indpDB/UC-ImageApps-HinduGodWallpapers/master/C8/TH/3.png,https://raw.githubusercontent.com/indpDB/UC-ImageApps-HinduGodWallpapers/master/C8/HD/3.png,https://raw.githubusercontent.com/indpDB/UC-ImageApps-HinduGodWallpapers/master/C9/TH/3.png,https://raw.githubusercontent.com/indpDB/UC-ImageApps-HinduGodWallpapers/master/C9/HD/3.png,https://raw.githubusercontent.com/indpDB/UC-ImageApps-HinduGodWallpapers/master/C10/TH/3.png,https://raw.githubusercontent.com/indpDB/UC-ImageApps-HinduGodWallpapers/master/C10/HD/3.png,https://raw.githubusercontent.com/indpDB/UC-ImageApps-HinduGodWallpapers/master/C11/TH/3.png,https://raw.githubusercontent.com/indpDB/UC-ImageApps-HinduGodWallpapers/master/C11/HD/3.png,https://raw.githubusercontent.com/indpDB/UC-ImageApps-HinduGodWallpapers/master/C12/TH/3.png,https://raw.githubusercontent.com/indpDB/UC-ImageApps-HinduGodWallpapers/master/C12/HD/3.png,https://raw.githubusercontent.com/indpDB/UC-ImageApps-HinduGodWallpapers/master/C13/TH/3.png,https://raw.githubusercontent.com/indpDB/UC-ImageApps-HinduGodWallpapers/master/C13/HD/3.png
collection4,https://raw.githubusercontent.com/indpDB/UC-ImageApps-HinduGodWallpapers/master/C4/TH/1.png,Yes,https://raw.githubusercontent.com/indpDB/UC-ImageApps-HinduGodWallpapers/master/C1/TH/4.png,https://raw.githubusercontent.com/indpDB/UC-ImageApps-HinduGodWallpapers/master/C1/HD/4.png,https://raw.githubusercontent.com/indpDB/UC-ImageApps-HinduGodWallpapers/master/C2/TH/4.png,https://raw.githubusercontent.com/indpDB/UC-ImageApps-HinduGodWallpapers/master/C2/HD/4.png,,,https://raw.githubusercontent.com/indpDB/UC-ImageApps-HinduGodWallpapers/master/C4/TH/4.png,https://raw.githubusercontent.com/indpDB/UC-ImageApps-HinduGodWallpapers/master/C4/HD/4.png,https://raw.githubusercontent.com/indpDB/UC-ImageApps-HinduGodWallpapers/master/C5/TH/4.png,https://raw.githubusercontent.com/indpDB/UC-ImageApps-HinduGodWallpapers/master/C5/HD/4.png,https://raw.githubusercontent.com/indpDB/UC-ImageApps-HinduGodWallpapers/master/C6/TH/4.png,https://raw.githubusercontent.com/indpDB/UC-ImageApps-HinduGodWallpapers/master/C6/HD/4.png,https://raw.githubusercontent.com/indpDB/UC-ImageApps-HinduGodWallpapers/master/C7/TH/4.png,https://raw.githubusercontent.com/indpDB/UC-ImageApps-HinduGodWallpapers/master/C7/HD/4.png,https://raw.githubusercontent.com/indpDB/UC-ImageApps-HinduGodWallpapers/master/C8/TH/4.png,https://raw.githubusercontent.com/indpDB/UC-ImageApps-HinduGodWallpapers/master/C8/HD/4.png,https://raw.githubusercontent.com/indpDB/UC-ImageApps-HinduGodWallpapers/master/C9/TH/4.png,https://raw.githubusercontent.com/indpDB/UC-ImageApps-HinduGodWallpapers/master/C9/HD/4.png,https://raw.githubusercontent.com/indpDB/UC-ImageApps-HinduGodWallpapers/master/C10/TH/4.png,https://raw.githubusercontent.com/indpDB/UC-ImageApps-HinduGodWallpapers/master/C10/HD/4.png,https://raw.githubusercontent.com/indpDB/UC-ImageApps-HinduGodWallpapers/master/C11/TH/4.png,https://raw.githubusercontent.com/indpDB/UC-ImageApps-HinduGodWallpapers/master/C11/HD/4.png,https://raw.githubusercontent.com/indpDB/UC-ImageApps-HinduGodWallpapers/master/C12/TH/4.png,https://raw.githubusercontent.com/indpDB/UC-ImageApps-HinduGodWallpapers/master/C12/HD/4.png,https://raw.githubusercontent.com/indpDB/UC-ImageApps-HinduGodWallpapers/master/C13/TH/4.png,https://raw.githubusercontent.com/indpDB/UC-ImageApps-HinduGodWallpapers/master/C13/HD/4.png
collection5,https://raw.githubusercontent.com/indpDB/UC-ImageApps-HinduGodWallpapers/master/C5/TH/1.png,Yes,https://raw.githubusercontent.com/indpDB/UC-ImageApps-HinduGodWallpapers/master/C1/TH/5.png,https://raw.githubusercontent.com/indpDB/UC-ImageApps-HinduGodWallpapers/master/C1/HD/5.png,https://raw.githubusercontent.com/indpDB/UC-ImageApps-HinduGodWallpapers/master/C2/TH/5.png,https://raw.githubusercontent.com/indpDB/UC-ImageApps-HinduGodWallpapers/master/C2/HD/5.png,,,https://raw.githubusercontent.com/indpDB/UC-ImageApps-HinduGodWallpapers/master/C4/TH/5.png,https://raw.githubusercontent.com/indpDB/UC-ImageApps-HinduGodWallpapers/master/C4/HD/5.png,https://raw.githubusercontent.com/indpDB/UC-ImageApps-HinduGodWallpapers/master/C5/TH/5.png,https://raw.githubusercontent.com/indpDB/UC-ImageApps-HinduGodWallpapers/master/C5/HD/5.png,https://raw.githubusercontent.com/indpDB/UC-ImageApps-HinduGodWallpapers/master/C6/TH/5.png,https://raw.githubusercontent.com/indpDB/UC-ImageApps-HinduGodWallpapers/master/C6/HD/5.png,https://raw.githubusercontent.com/indpDB/UC-ImageApps-HinduGodWallpapers/master/C7/TH/5.png,https://raw.githubusercontent.com/indpDB/UC-ImageApps-HinduGodWallpapers/master/C7/HD/5.png,https://raw.githubusercontent.com/indpDB/UC-ImageApps-HinduGodWallpapers/master/C8/TH/5.png,https://raw.githubusercontent.com/indpDB/UC-ImageApps-HinduGodWallpapers/master/C8/HD/5.png,https://raw.githubusercontent.com/indpDB/UC-ImageApps-HinduGodWallpapers/master/C9/TH/5.png,https://raw.githubusercontent.com/indpDB/UC-ImageApps-HinduGodWallpapers/master/C9/HD/5.png,https://raw.githubusercontent.com/indpDB/UC-ImageApps-HinduGodWallpapers/master/C10/TH/5.png,https://raw.githubusercontent.com/indpDB/UC-ImageApps-HinduGodWallpapers/master/C10/HD/5.png,https://raw.githubusercontent.com/indpDB/UC-ImageApps-HinduGodWallpapers/master/C11/TH/5.png,https://raw.githubusercontent.com/indpDB/UC-ImageApps-HinduGodWallpapers/master/C11/HD/5.png,https://raw.githubusercontent.com/indpDB/UC-ImageApps-HinduGodWallpapers/master/C12/TH/5.png,https://raw.githubusercontent.com/indpDB/UC-ImageApps-HinduGodWallpapers/master/C12/HD/5.png,https://raw.githubusercontent.com/indpDB/UC-ImageApps-HinduGodWallpapers/master/C13/TH/5.png,https://raw.githubusercontent.com/indpDB/UC-ImageApps-HinduGodWallpapers/master/C13/HD/5.png
collection6,https://raw.githubusercontent.com/indpDB/UC-ImageApps-HinduGodWallpapers/master/C6/TH/1.png,Yes,https://raw.githubusercontent.com/indpDB/UC-ImageApps-HinduGodWallpapers/master/C1/TH/6.png,https://raw.githubusercontent.com/indpDB/UC-ImageApps-HinduGodWallpapers/master/C1/HD/6.png,https://raw.githubusercontent.com/indpDB/UC-ImageApps-HinduGodWallpapers/master/C2/TH/6.png,https://raw.githubusercontent.com/indpDB/UC-ImageApps-HinduGodWallpapers/master/C2/HD/6.png,,,https://raw.githubusercontent.com/indpDB/UC-ImageApps-HinduGodWallpapers/master/C4/TH/6.png,https://raw.githubusercontent.com/indpDB/UC-ImageApps-HinduGodWallpapers/master/C4/HD/6.png,https://raw.githubusercontent.com/indpDB/UC-ImageApps-HinduGodWallpapers/master/C5/TH/6.png,https://raw.githubusercontent.com/indpDB/UC-ImageApps-HinduGodWallpapers/master/C5/HD/6.png,https://raw.githubusercontent.com/indpDB/UC-ImageApps-HinduGodWallpapers/master/C6/TH/6.png,https://raw.githubusercontent.com/indpDB/UC-ImageApps-HinduGodWallpapers/master/C6/HD/6.png,https://raw.githubusercontent.com/indpDB/UC-ImageApps-HinduGodWallpapers/master/C7/TH/6.png,https://raw.githubusercontent.com/indpDB/UC-ImageApps-HinduGodWallpapers/master/C7/HD/6.png,https://raw.githubusercontent.com/indpDB/UC-ImageApps-HinduGodWallpapers/master/C8/TH/6.png,https://raw.githubusercontent.com/indpDB/UC-ImageApps-HinduGodWallpapers/master/C8/HD/6.png,https://raw.githubusercontent.com/indpDB/UC-ImageApps-HinduGodWallpapers/master/C9/TH/6.png,https://raw.githubusercontent.com/indpDB/UC-ImageApps-HinduGodWallpapers/master/C9/HD/6.png,https://raw.githubusercontent.com/indpDB/UC-ImageApps-HinduGodWallpapers/master/C10/TH/6.png,https://raw.githubusercontent.com/indpDB/UC-ImageApps-HinduGodWallpapers/master/C10/HD/6.png,https://raw.githubusercontent.com/indpDB/UC-ImageApps-HinduGodWallpapers/master/C11/TH/6.png,https://raw.githubusercontent.com/indpDB/UC-ImageApps-HinduGodWallpapers/master/C11/HD/6.png,https://raw.githubusercontent.com/indpDB/UC-ImageApps-HinduGodWallpapers/master/C12/TH/6.png,https://raw.githubusercontent.com/indpDB/UC-ImageApps-HinduGodWallpapers/master/C12/HD/6.png,https://raw.githubusercontent.com/indpDB/UC-ImageApps-HinduGodWallpapers/master/C13/TH/6.png,https://raw.githubusercontent.com/indpDB/UC-ImageApps-HinduGodWallpapers/master/C13/HD/6.png
collection7,https://raw.githubusercontent.com/indpDB/UC-ImageApps-HinduGodWallpapers/master/C7/TH/1.png,Yes,https://raw.githubusercontent.com/indpDB/UC-ImageApps-HinduGodWallpapers/master/C1/TH/7.png,https://raw.githubusercontent.com/indpDB/UC-ImageApps-HinduGodWallpapers/master/C1/HD/7.png,https://raw.githubusercontent.com/indpDB/UC-ImageApps-HinduGodWallpapers/master/C2/TH/7.png,https://raw.githubusercontent.com/indpDB/UC-ImageApps-HinduGodWallpapers/master/C2/HD/7.png,,,https://raw.githubusercontent.com/indpDB/UC-ImageApps-HinduGodWallpapers/master/C4/TH/7.png,https://raw.githubusercontent.com/indpDB/UC-ImageApps-HinduGodWallpapers/master/C4/HD/7.png,https://raw.githubusercontent.com/indpDB/UC-ImageApps-HinduGodWallpapers/master/C5/TH/7.png,https://raw.githubusercontent.com/indpDB/UC-ImageApps-HinduGodWallpapers/master/C5/HD/7.png,https://raw.githubusercontent.com/indpDB/UC-ImageApps-HinduGodWallpapers/master/C6/TH/7.png,https://raw.githubusercontent.com/indpDB/UC-ImageApps-HinduGodWallpapers/master/C6/HD/7.png,https://raw.githubusercontent.com/indpDB/UC-ImageApps-HinduGodWallpapers/master/C7/TH/7.png,https://raw.githubusercontent.com/indpDB/UC-ImageApps-HinduGodWallpapers/master/C7/HD/7.png,https://raw.githubusercontent.com/indpDB/UC-ImageApps-HinduGodWallpapers/master/C8/TH/7.png,https://raw.githubusercontent.com/indpDB/UC-ImageApps-HinduGodWallpapers/master/C8/HD/7.png,https://raw.githubusercontent.com/indpDB/UC-ImageApps-HinduGodWallpapers/master/C9/TH/7.png,https://raw.githubusercontent.com/indpDB/UC-ImageApps-HinduGodWallpapers/master/C9/HD/7.png,https://raw.githubusercontent.com/indpDB/UC-ImageApps-HinduGodWallpapers/master/C10/TH/7.png,https://raw.githubusercontent.com/indpDB/UC-ImageApps-HinduGodWallpapers/master/C10/HD/7.png,https://raw.githubusercontent.com/indpDB/UC-ImageApps-HinduGodWallpapers/master/C11/TH/7.png,https://raw.githubusercontent.com/indpDB/UC-ImageApps-HinduGodWallpapers/master/C11/HD/7.png,https://raw.githubusercontent.com/indpDB/UC-ImageApps-HinduGodWallpapers/master/C12/TH/7.png,https://raw.githubusercontent.com/indpDB/UC-ImageApps-HinduGodWallpapers/master/C12/HD/7.png,https://raw.githubusercontent.com/indpDB/UC-ImageApps-HinduGodWallpapers/master/C13/TH/7.png,https://raw.githubusercontent.com/indpDB/UC-ImageApps-HinduGodWallpapers/master/C13/HD/7.png
collection8,https://raw.githubusercontent.com/indpDB/UC-ImageApps-HinduGodWallpapers/master/C8/TH/1.png,Yes,https://raw.githubusercontent.com/indpDB/UC-ImageApps-HinduGodWallpapers/master/C1/TH/8.png,https://raw.githubusercontent.com/indpDB/UC-ImageApps-HinduGodWallpapers/master/C1/HD/8.png,https://raw.githubusercontent.com/indpDB/UC-ImageApps-HinduGodWallpapers/master/C2/TH/8.png,https://raw.githubusercontent.com/indpDB/UC-ImageApps-HinduGodWallpapers/master/C2/HD/8.png,,,https://raw.githubusercontent.com/indpDB/UC-ImageApps-HinduGodWallpapers/master/C4/TH/8.png,https://raw.githubusercontent.com/indpDB/UC-ImageApps-HinduGodWallpapers/master/C4/HD/8.png,https://raw.githubusercontent.com/indpDB/UC-ImageApps-HinduGodWallpapers/master/C5/TH/8.png,https://raw.githubusercontent.com/indpDB/UC-ImageApps-HinduGodWallpapers/master/C5/HD/8.png,https://raw.githubusercontent.com/indpDB/UC-ImageApps-HinduGodWallpapers/master/C6/TH/8.png,https://raw.githubusercontent.com/indpDB/UC-ImageApps-HinduGodWallpapers/master/C6/HD/8.png,https://raw.githubusercontent.com/indpDB/UC-ImageApps-HinduGodWallpapers/master/C7/TH/8.png,https://raw.githubusercontent.com/indpDB/UC-ImageApps-HinduGodWallpapers/master/C7/HD/8.png,https://raw.githubusercontent.com/indpDB/UC-ImageApps-HinduGodWallpapers/master/C8/TH/8.png,https://raw.githubusercontent.com/indpDB/UC-ImageApps-HinduGodWallpapers/master/C8/HD/8.png,https://raw.githubusercontent.com/indpDB/UC-ImageApps-HinduGodWallpapers/master/C9/TH/8.png,https://raw.githubusercontent.com/indpDB/UC-ImageApps-HinduGodWallpapers/master/C9/HD/8.png,https://raw.githubusercontent.com/indpDB/UC-ImageApps-HinduGodWallpapers/master/C10/TH/8.png,https://raw.githubusercontent.com/indpDB/UC-ImageApps-HinduGodWallpapers/master/C10/HD/8.png,https://raw.githubusercontent.com/indpDB/UC-ImageApps-HinduGodWallpapers/master/C11/TH/8.png,https://raw.githubusercontent.com/indpDB/UC-ImageApps-HinduGodWallpapers/master/C11/HD/8.png,https://raw.githubusercontent.com/indpDB/UC-ImageApps-HinduGodWallpapers/master/C12/TH/8.png,https://raw.githubusercontent.com/indpDB/UC-ImageApps-HinduGodWallpapers/master/C12/HD/8.png,https://raw.githubusercontent.com/indpDB/UC-ImageApps-HinduGodWallpapers/master/C13/TH/8.png,https://raw.githubusercontent.com/indpDB/UC-ImageApps-HinduGodWallpapers/master/C13/HD/8.png
collection9,https://raw.githubusercontent.com/indpDB/UC-ImageApps-HinduGodWallpapers/master/C9/TH/1.png,Yes,https://raw.githubusercontent.com/indpDB/UC-ImageApps-HinduGodWallpapers/master/C1/TH/9.png,https://raw.githubusercontent.com/indpDB/UC-ImageApps-HinduGodWallpapers/master/C1/HD/9.png,https://raw.githubusercontent.com/indpDB/UC-ImageApps-HinduGodWallpapers/master/C2/TH/9.png,https://raw.githubusercontent.com/indpDB/UC-ImageApps-HinduGodWallpapers/master/C2/HD/9.png,,,https://raw.githubusercontent.com/indpDB/UC-ImageApps-HinduGodWallpapers/master/C4/TH/9.png,https://raw.githubusercontent.com/indpDB/UC-ImageApps-HinduGodWallpapers/master/C4/HD/9.png,https://raw.githubusercontent.com/indpDB/UC-ImageApps-HinduGodWallpapers/master/C5/TH/9.png,https://raw.githubusercontent.com/indpDB/UC-ImageApps-HinduGodWallpapers/master/C5/HD/9.png,https://raw.githubusercontent.com/indpDB/UC-ImageApps-HinduGodWallpapers/master/C6/TH/9.png,https://raw.githubusercontent.com/indpDB/UC-ImageApps-HinduGodWallpapers/master/C6/HD/9.png,https://raw.githubusercontent.com/indpDB/UC-ImageApps-HinduGodWallpapers/master/C7/TH/9.png,https://raw.githubusercontent.com/indpDB/UC-ImageApps-HinduGodWallpapers/master/C7/HD/9.png,https://raw.githubusercontent.com/indpDB/UC-ImageApps-HinduGodWallpapers/master/C8/TH/9.png,https://raw.githubusercontent.com/indpDB/UC-ImageApps-HinduGodWallpapers/master/C8/HD/9.png,https://raw.githubusercontent.com/indpDB/UC-ImageApps-HinduGodWallpapers/master/C9/TH/9.png,https://raw.githubusercontent.com/indpDB/UC-ImageApps-HinduGodWallpapers/master/C9/HD/9.png,https://raw.githubusercontent.com/indpDB/UC-ImageApps-HinduGodWallpapers/master/C10/TH/9.png,https://raw.githubusercontent.com/indpDB/UC-ImageApps-HinduGodWallpapers/master/C10/HD/9.png,https://raw.githubusercontent.com/indpDB/UC-ImageApps-HinduGodWallpapers/master/C11/TH/9.png,https://raw.githubusercontent.com/indpDB/UC-ImageApps-HinduGodWallpapers/master/C11/HD/9.png,https://raw.githubusercontent.com/indpDB/UC-ImageApps-HinduGodWallpapers/master/C12/TH/9.png,https://raw.githubusercontent.com/indpDB/UC-ImageApps-HinduGodWallpapers/master/C12/HD/9.png,https://raw.githubusercontent.com/indpDB/UC-ImageApps-HinduGodWallpapers/master/C13/TH/9.png,https://raw.githubusercontent.com/indpDB/UC-ImageApps-HinduGodWallpapers/master/C13/HD/9.png
collection10,https://raw.githubusercontent.com/indpDB/UC-ImageApps-HinduGodWallpapers/master/C10/TH/1.png,Yes,https://raw.githubusercontent.com/indpDB/UC-ImageApps-HinduGodWallpapers/master/C1/TH/10.png,https://raw.githubusercontent.com/indpDB/UC-ImageApps-HinduGodWallpapers/master/C1/HD/10.png,https://raw.githubusercontent.com/indpDB/UC-ImageApps-HinduGodWallpapers/master/C2/TH/10.png,https://raw.githubusercontent.com/indpDB/UC-ImageApps-HinduGodWallpapers/master/C2/HD/10.png,,,,,https://raw.githubusercontent.com/indpDB/UC-ImageApps-HinduGodWallpapers/master/C5/TH/10.png,https://raw.githubusercontent.com/indpDB/UC-ImageApps-HinduGodWallpapers/master/C5/HD/10.png,https://raw.githubusercontent.com/indpDB/UC-ImageApps-HinduGodWallpapers/master/C6/TH/10.png,https://raw.githubusercontent.com/indpDB/UC-ImageApps-HinduGodWallpapers/master/C6/HD/10.png,https://raw.githubusercontent.com/indpDB/UC-ImageApps-HinduGodWallpapers/master/C7/TH/10.png,https://raw.githubusercontent.com/indpDB/UC-ImageApps-HinduGodWallpapers/master/C7/HD/10.png,https://raw.githubusercontent.com/indpDB/UC-ImageApps-HinduGodWallpapers/master/C8/TH/10.png,https://raw.githubusercontent.com/indpDB/UC-ImageApps-HinduGodWallpapers/master/C8/HD/10.png,https://raw.githubusercontent.com/indpDB/UC-ImageApps-HinduGodWallpapers/master/C9/TH/10.png,https://raw.githubusercontent.com/indpDB/UC-ImageApps-HinduGodWallpapers/master/C9/HD/10.png,https://raw.githubusercontent.com/indpDB/UC-ImageApps-HinduGodWallpapers/master/C10/TH/10.png,https://raw.githubusercontent.com/indpDB/UC-ImageApps-HinduGodWallpapers/master/C10/HD/10.png,https://raw.githubusercontent.com/indpDB/UC-ImageApps-HinduGodWallpapers/master/C11/TH/10.png,https://raw.githubusercontent.com/indpDB/UC-ImageApps-HinduGodWallpapers/master/C11/HD/10.png,,,https://raw.githubusercontent.com/indpDB/UC-ImageApps-HinduGodWallpapers/master/C13/TH/10.png,https://raw.githubusercontent.com/indpDB/UC-ImageApps-HinduGodWallpapers/master/C13/HD/10.png
collection11,https://raw.githubusercontent.com/indpDB/UC-ImageApps-HinduGodWallpapers/master/C11/TH/1.png,Yes,https://raw.githubusercontent.com/indpDB/UC-ImageApps-HinduGodWallpapers/master/C1/TH/11.png,https://raw.githubusercontent.com/indpDB/UC-ImageApps-HinduGodWallpapers/master/C1/HD/11.png,https://raw.githubusercontent.com/indpDB/UC-ImageApps-HinduGodWallpapers/master/C2/TH/11.png,https://raw.githubusercontent.com/indpDB/UC-ImageApps-HinduGodWallpapers/master/C2/HD/11.png,,,,,https://raw.githubusercontent.com/indpDB/UC-ImageApps-HinduGodWallpapers/master/C5/TH/11.png,https://raw.githubusercontent.com/indpDB/UC-ImageApps-HinduGodWallpapers/master/C5/HD/11.png,https://raw.githubusercontent.com/indpDB/UC-ImageApps-HinduGodWallpapers/master/C6/TH/11.png,https://raw.githubusercontent.com/indpDB/UC-ImageApps-HinduGodWallpapers/master/C6/HD/11.png,https://raw.githubusercontent.com/indpDB/UC-ImageApps-HinduGodWallpapers/master/C7/TH/11.png,https://raw.githubusercontent.com/indpDB/UC-ImageApps-HinduGodWallpapers/master/C7/HD/11.png,https://raw.githubusercontent.com/indpDB/UC-ImageApps-HinduGodWallpapers/master/C8/TH/11.png,https://raw.githubusercontent.com/indpDB/UC-ImageApps-HinduGodWallpapers/master/C8/HD/11.png,https://raw.githubusercontent.com/indpDB/UC-ImageApps-HinduGodWallpapers/master/C9/TH/11.png,https://raw.githubusercontent.com/indpDB/UC-ImageApps-HinduGodWallpapers/master/C9/HD/11.png,https://raw.githubusercontent.com/indpDB/UC-ImageApps-HinduGodWallpapers/master/C10/TH/11.png,https://raw.githubusercontent.com/indpDB/UC-ImageApps-HinduGodWallpapers/master/C10/HD/11.png,https://raw.githubusercontent.com/indpDB/UC-ImageApps-HinduGodWallpapers/master/C11/TH/11.png,https://raw.githubusercontent.com/indpDB/UC-ImageApps-HinduGodWallpapers/master/C11/HD/11.png,,,https://raw.githubusercontent.com/indpDB/UC-ImageApps-HinduGodWallpapers/master/C13/TH/11.png,https://raw.githubusercontent.com/indpDB/UC-ImageApps-HinduGodWallpapers/master/C13/HD/11.png
collection12,https://raw.githubusercontent.com/indpDB/UC-ImageApps-HinduGodWallpapers/master/C12/TH/1.png,Yes,https://raw.githubusercontent.com/indpDB/UC-ImageApps-HinduGodWallpapers/master/C1/TH/12.png,https://raw.githubusercontent.com/indpDB/UC-ImageApps-HinduGodWallpapers/master/C1/HD/12.png,https://raw.githubusercontent.com/indpDB/UC-ImageApps-HinduGodWallpapers/master/C2/TH/12.png,https://raw.githubusercontent.com/indpDB/UC-ImageApps-HinduGodWallpapers/master/C2/HD/12.png,,,,,https://raw.githubusercontent.com/indpDB/UC-ImageApps-HinduGodWallpapers/master/C5/TH/12.png,https://raw.githubusercontent.com/indpDB/UC-ImageApps-HinduGodWallpapers/master/C5/HD/12.png,https://raw.githubusercontent.com/indpDB/UC-ImageApps-HinduGodWallpapers/master/C6/TH/12.png,https://raw.githubusercontent.com/indpDB/UC-ImageApps-HinduGodWallpapers/master/C6/HD/12.png,https://raw.githubusercontent.com/indpDB/UC-ImageApps-HinduGodWallpapers/master/C7/TH/12.png,https://raw.githubusercontent.com/indpDB/UC-ImageApps-HinduGodWallpapers/master/C7/HD/12.png,https://raw.githubusercontent.com/indpDB/UC-ImageApps-HinduGodWallpapers/master/C8/TH/12.png,https://raw.githubusercontent.com/indpDB/UC-ImageApps-HinduGodWallpapers/master/C8/HD/12.png,https://raw.githubusercontent.com/indpDB/UC-ImageApps-HinduGodWallpapers/master/C9/TH/12.png,https://raw.githubusercontent.com/indpDB/UC-ImageApps-HinduGodWallpapers/master/C9/HD/12.png,https://raw.githubusercontent.com/indpDB/UC-ImageApps-HinduGodWallpapers/master/C10/TH/12.png,https://raw.githubusercontent.com/indpDB/UC-ImageApps-HinduGodWallpapers/master/C10/HD/12.png,https://raw.githubusercontent.com/indpDB/UC-ImageApps-HinduGodWallpapers/master/C11/TH/12.png,https://raw.githubusercontent.com/indpDB/UC-ImageApps-HinduGodWallpapers/master/C11/HD/12.png,,,https://raw.githubusercontent.com/indpDB/UC-ImageApps-HinduGodWallpapers/master/C13/TH/12.png,https://raw.githubusercontent.com/indpDB/UC-ImageApps-HinduGodWallpapers/master/C13/HD/12.png
collection13,https://raw.githubusercontent.com/indpDB/UC-ImageApps-HinduGodWallpapers/master/C13/TH/1.png,Yes,https://raw.githubusercontent.com/indpDB/UC-ImageApps-HinduGodWallpapers/master/C1/TH/13.png,https://raw.githubusercontent.com/indpDB/UC-ImageApps-HinduGodWallpapers/master/C1/HD/13.png,https://raw.githubusercontent.com/indpDB/UC-ImageApps-HinduGodWallpapers/master/C2/TH/13.png,https://raw.githubusercontent.com/indpDB/UC-ImageApps-HinduGodWallpapers/master/C2/HD/13.png,,,,,https://raw.githubusercontent.com/indpDB/UC-ImageApps-HinduGodWallpapers/master/C5/TH/13.png,https://raw.githubusercontent.com/indpDB/UC-ImageApps-HinduGodWallpapers/master/C5/HD/13.png,https://raw.githubusercontent.com/indpDB/UC-ImageApps-HinduGodWallpapers/master/C6/TH/13.png,https://raw.githubusercontent.com/indpDB/UC-ImageApps-HinduGodWallpapers/master/C6/HD/13.png,https://raw.githubusercontent.com/indpDB/UC-ImageApps-HinduGodWallpapers/master/C7/TH/13.png,https://raw.githubusercontent.com/indpDB/UC-ImageApps-HinduGodWallpapers/master/C7/HD/13.png,https://raw.githubusercontent.com/indpDB/UC-ImageApps-HinduGodWallpapers/master/C8/TH/13.png,https://raw.githubusercontent.com/indpDB/UC-ImageApps-HinduGodWallpapers/master/C8/HD/13.png,https://raw.githubusercontent.com/indpDB/UC-ImageApps-HinduGodWallpapers/master/C9/TH/13.png,https://raw.githubusercontent.com/indpDB/UC-ImageApps-HinduGodWallpapers/master/C9/HD/13.png,https://raw.githubusercontent.com/indpDB/UC-ImageApps-HinduGodWallpapers/master/C10/TH/13.png,https://raw.githubusercontent.com/indpDB/UC-ImageApps-HinduGodWallpapers/master/C10/HD/13.png,https://raw.githubusercontent.com/indpDB/UC-ImageApps-HinduGodWallpapers/master/C11/TH/13.png,https://raw.githubusercontent.com/indpDB/UC-ImageApps-HinduGodWallpapers/master/C11/HD/13.png,,,https://raw.githubusercontent.com/indpDB/UC-ImageApps-HinduGodWallpapers/master/C13/TH/13.png,https://raw.githubusercontent.com/indpDB/UC-ImageApps-HinduGodWallpapers/master/C13/HD/13.png
,,,https://raw.githubusercontent.com/indpDB/UC-ImageApps-HinduGodWallpapers/master/C1/TH/14.png,https://raw.githubusercontent.com/indpDB/UC-ImageApps-HinduGodWallpapers/master/C1/HD/14.png,https://raw.githubusercontent.com/indpDB/UC-ImageApps-HinduGodWallpapers/master/C2/TH/14.png,https://raw.githubusercontent.com/indpDB/UC-ImageApps-HinduGodWallpapers/master/C2/HD/14.png,,,,,https://raw.githubusercontent.com/indpDB/UC-ImageApps-HinduGodWallpapers/master/C5/TH/14.png,https://raw.githubusercontent.com/indpDB/UC-ImageApps-HinduGodWallpapers/master/C5/HD/14.png,https://raw.githubusercontent.com/indpDB/UC-ImageApps-HinduGodWallpapers/master/C6/TH/14.png,https://raw.githubusercontent.com/indpDB/UC-ImageApps-HinduGodWallpapers/master/C6/HD/14.png,https://raw.githubusercontent.com/indpDB/UC-ImageApps-HinduGodWallpapers/master/C7/TH/14.png,https://raw.githubusercontent.com/indpDB/UC-ImageApps-HinduGodWallpapers/master/C7/HD/14.png,https://raw.githubusercontent.com/indpDB/UC-ImageApps-HinduGodWallpapers/master/C8/TH/14.png,https://raw.githubusercontent.com/indpDB/UC-ImageApps-HinduGodWallpapers/master/C8/HD/14.png,https://raw.githubusercontent.com/indpDB/UC-ImageApps-HinduGodWallpapers/master/C9/TH/14.png,https://raw.githubusercontent.com/indpDB/UC-ImageApps-HinduGodWallpapers/master/C9/HD/14.png,https://raw.githubusercontent.com/indpDB/UC-ImageApps-HinduGodWallpapers/master/C10/TH/14.png,https://raw.githubusercontent.com/indpDB/UC-ImageApps-HinduGodWallpapers/master/C10/HD/14.png,https://raw.githubusercontent.com/indpDB/UC-ImageApps-HinduGodWallpapers/master/C11/TH/14.png,https://raw.githubusercontent.com/indpDB/UC-ImageApps-HinduGodWallpapers/master/C11/HD/14.png,,,https://raw.githubusercontent.com/indpDB/UC-ImageApps-HinduGodWallpapers/master/C13/TH/14.png,https://raw.githubusercontent.com/indpDB/UC-ImageApps-HinduGodWallpapers/master/C13/HD/14.png
,,,https://raw.githubusercontent.com/indpDB/UC-ImageApps-HinduGodWallpapers/master/C1/TH/15.png,https://raw.githubusercontent.com/indpDB/UC-ImageApps-HinduGodWallpapers/master/C1/HD/15.png,https://raw.githubusercontent.com/indpDB/UC-ImageApps-HinduGodWallpapers/master/C2/TH/15.png,https://raw.githubusercontent.com/indpDB/UC-ImageApps-HinduGodWallpapers/master/C2/HD/15.png,,,,,https://raw.githubusercontent.com/indpDB/UC-ImageApps-HinduGodWallpapers/master/C5/TH/15.png,https://raw.githubusercontent.com/indpDB/UC-ImageApps-HinduGodWallpapers/master/C5/HD/15.png,https://raw.githubusercontent.com/indpDB/UC-ImageApps-HinduGodWallpapers/master/C6/TH/15.png,https://raw.githubusercontent.com/indpDB/UC-ImageApps-HinduGodWallpapers/master/C6/HD/15.png,https://raw.githubusercontent.com/indpDB/UC-ImageApps-HinduGodWallpapers/master/C7/TH/15.png,https://raw.githubusercontent.com/indpDB/UC-ImageApps-HinduGodWallpapers/master/C7/HD/15.png,https://raw.githubusercontent.com/indpDB/UC-ImageApps-HinduGodWallpapers/master/C8/TH/15.png,https://raw.githubusercontent.com/indpDB/UC-ImageApps-HinduGodWallpapers/master/C8/HD/15.png,,,https://raw.githubusercontent.com/indpDB/UC-ImageApps-HinduGodWallpapers/master/C10/TH/15.png,https://raw.githubusercontent.com/indpDB/UC-ImageApps-HinduGodWallpapers/master/C10/HD/15.png,https://raw.githubusercontent.com/indpDB/UC-ImageApps-HinduGodWallpapers/master/C11/TH/15.png,https://raw.githubusercontent.com/indpDB/UC-ImageApps-HinduGodWallpapers/master/C11/HD/15.png,,,,
,,,,,https://raw.githubusercontent.com/indpDB/UC-ImageApps-HinduGodWallpapers/master/C2/TH/16.png,https://raw.githubusercontent.com/indpDB/UC-ImageApps-HinduGodWallpapers/master/C2/HD/16.png,,,,,https://raw.githubusercontent.com/indpDB/UC-ImageApps-HinduGodWallpapers/master/C5/TH/16.png,https://raw.githubusercontent.com/indpDB/UC-ImageApps-HinduGodWallpapers/master/C5/HD/16.png,https://raw.githubusercontent.com/indpDB/UC-ImageApps-HinduGodWallpapers/master/C6/TH/16.png,https://raw.githubusercontent.com/indpDB/UC-ImageApps-HinduGodWallpapers/master/C6/HD/16.png,https://raw.githubusercontent.com/indpDB/UC-ImageApps-HinduGodWallpapers/master/C7/TH/16.png,https://raw.githubusercontent.com/indpDB/UC-ImageApps-HinduGodWallpapers/master/C7/HD/16.png,https://raw.githubusercontent.com/indpDB/UC-ImageApps-HinduGodWallpapers/master/C8/TH/16.png,https://raw.githubusercontent.com/indpDB/UC-ImageApps-HinduGodWallpapers/master/C8/HD/16.png,,,https://raw.githubusercontent.com/indpDB/UC-ImageApps-HinduGodWallpapers/master/C10/TH/16.png,https://raw.githubusercontent.com/indpDB/UC-ImageApps-HinduGodWallpapers/master/C10/HD/16.png,https://raw.githubusercontent.com/indpDB/UC-ImageApps-HinduGodWallpapers/master/C11/TH/16.png,https://raw.githubusercontent.com/indpDB/UC-ImageApps-HinduGodWallpapers/master/C11/HD/16.png,,,,
,,,,,https://raw.githubusercontent.com/indpDB/UC-ImageApps-HinduGodWallpapers/master/C2/TH/17.png,https://raw.githubusercontent.com/indpDB/UC-ImageApps-HinduGodWallpapers/master/C2/HD/17.png,,,,,https://raw.githubusercontent.com/indpDB/UC-ImageApps-HinduGodWallpapers/master/C5/TH/17.png,https://raw.githubusercontent.com/indpDB/UC-ImageApps-HinduGodWallpapers/master/C5/HD/17.png,https://raw.githubusercontent.com/indpDB/UC-ImageApps-HinduGodWallpapers/master/C6/TH/17.png,https://raw.githubusercontent.com/indpDB/UC-ImageApps-HinduGodWallpapers/master/C6/HD/17.png,https://raw.githubusercontent.com/indpDB/UC-ImageApps-HinduGodWallpapers/master/C7/TH/17.png,https://raw.githubusercontent.com/indpDB/UC-ImageApps-HinduGodWallpapers/master/C7/HD/17.png,https://raw.githubusercontent.com/indpDB/UC-ImageApps-HinduGodWallpapers/master/C8/TH/17.png,https://raw.githubusercontent.com/indpDB/UC-ImageApps-HinduGodWallpapers/master/C8/HD/17.png,,,https://raw.githubusercontent.com/indpDB/UC-ImageApps-HinduGodWallpapers/master/C10/TH/17.png,https://raw.githubusercontent.com/indpDB/UC-ImageApps-HinduGodWallpapers/master/C10/HD/17.png,https://raw.githubusercontent.com/indpDB/UC-ImageApps-HinduGodWallpapers/master/C11/TH/17.png,https://raw.githubusercontent.com/indpDB/UC-ImageApps-HinduGodWallpapers/master/C11/HD/17.png,,,,
,,,,,https://raw.githubusercontent.com/indpDB/UC-ImageApps-HinduGodWallpapers/master/C2/TH/18.png,https://raw.githubusercontent.com/indpDB/UC-ImageApps-HinduGodWallpapers/master/C2/HD/18.png,,,,,https://raw.githubusercontent.com/indpDB/UC-ImageApps-HinduGodWallpapers/master/C5/TH/18.png,https://raw.githubusercontent.com/indpDB/UC-ImageApps-HinduGodWallpapers/master/C5/HD/18.png,https://raw.githubusercontent.com/indpDB/UC-ImageApps-HinduGodWallpapers/master/C6/TH/18.png,https://raw.githubusercontent.com/indpDB/UC-ImageApps-HinduGodWallpapers/master/C6/HD/18.png,https://raw.githubusercontent.com/indpDB/UC-ImageApps-HinduGodWallpapers/master/C7/TH/18.png,https://raw.githubusercontent.com/indpDB/UC-ImageApps-HinduGodWallpapers/master/C7/HD/18.png,https://raw.githubusercontent.com/indpDB/UC-ImageApps-HinduGodWallpapers/master/C8/TH/18.png,https://raw.githubusercontent.com/indpDB/UC-ImageApps-HinduGodWallpapers/master/C8/HD/18.png,,,https://raw.githubusercontent.com/indpDB/UC-ImageApps-HinduGodWallpapers/master/C10/TH/18.png,https://raw.githubusercontent.com/indpDB/UC-ImageApps-HinduGodWallpapers/master/C10/HD/18.png,,,,,,
,,,,,https://raw.githubusercontent.com/indpDB/UC-ImageApps-HinduGodWallpapers/master/C2/TH/19.png,https://raw.githubusercontent.com/indpDB/UC-ImageApps-HinduGodWallpapers/master/C2/HD/19.png,,,,,https://raw.githubusercontent.com/indpDB/UC-ImageApps-HinduGodWallpapers/master/C5/TH/19.png,https://raw.githubusercontent.com/indpDB/UC-ImageApps-HinduGodWallpapers/master/C5/HD/19.png,https://raw.githubusercontent.com/indpDB/UC-ImageApps-HinduGodWallpapers/master/C6/TH/19.png,https://raw.githubusercontent.com/indpDB/UC-ImageApps-HinduGodWallpapers/master/C6/HD/19.png,https://raw.githubusercontent.com/indpDB/UC-ImageApps-HinduGodWallpapers/master/C7/TH/19.png,https://raw.githubusercontent.com/indpDB/UC-ImageApps-HinduGodWallpapers/master/C7/HD/19.png,https://raw.githubusercontent.com/indpDB/UC-ImageApps-HinduGodWallpapers/master/C8/TH/19.png,https://raw.githubusercontent.com/indpDB/UC-ImageApps-HinduGodWallpapers/master/C8/HD/19.png,,,https://raw.githubusercontent.com/indpDB/UC-ImageApps-HinduGodWallpapers/master/C10/TH/19.png,https://raw.githubusercontent.com/indpDB/UC-ImageApps-HinduGodWallpapers/master/C10/HD/19.png,,,,,,
,,,,,https://raw.githubusercontent.com/indpDB/UC-ImageApps-HinduGodWallpapers/master/C2/TH/20.png,https://raw.githubusercontent.com/indpDB/UC-ImageApps-HinduGodWallpapers/master/C2/HD/20.png,,,,,https://raw.githubusercontent.com/indpDB/UC-ImageApps-HinduGodWallpapers/master/C5/TH/20.png,https://raw.githubusercontent.com/indpDB/UC-ImageApps-HinduGodWallpapers/master/C5/HD/20.png,https://raw.githubusercontent.com/indpDB/UC-ImageApps-HinduGodWallpapers/master/C6/TH/20.png,https://raw.githubusercontent.com/indpDB/UC-ImageApps-HinduGodWallpapers/master/C6/HD/20.png,https://raw.githubusercontent.com/indpDB/UC-ImageApps-HinduGodWallpapers/master/C7/TH/20.png,https://raw.githubusercontent.com/indpDB/UC-ImageApps-HinduGodWallpapers/master/C7/HD/20.png,https://raw.githubusercontent.com/indpDB/UC-ImageApps-HinduGodWallpapers/master/C8/TH/20.png,https://raw.githubusercontent.com/indpDB/UC-ImageApps-HinduGodWallpapers/master/C8/HD/20.png,,,https://raw.githubusercontent.com/indpDB/UC-ImageApps-HinduGodWallpapers/master/C10/TH/20.png,https://raw.githubusercontent.com/indpDB/UC-ImageApps-HinduGodWallpapers/master/C10/HD/20.png,,,,,,
,,,,,https://raw.githubusercontent.com/indpDB/UC-ImageApps-HinduGodWallpapers/master/C2/TH/21.png,https://raw.githubusercontent.com/indpDB/UC-ImageApps-HinduGodWallpapers/master/C2/HD/21.png,,,,,https://raw.githubusercontent.com/indpDB/UC-ImageApps-HinduGodWallpapers/master/C5/TH/21.png,https://raw.githubusercontent.com/indpDB/UC-ImageApps-HinduGodWallpapers/master/C5/HD/21.png,https://raw.githubusercontent.com/indpDB/UC-ImageApps-HinduGodWallpapers/master/C6/TH/21.png,https://raw.githubusercontent.com/indpDB/UC-ImageApps-HinduGodWallpapers/master/C6/HD/21.png,https://raw.githubusercontent.com/indpDB/UC-ImageApps-HinduGodWallpapers/master/C7/TH/21.png,https://raw.githubusercontent.com/indpDB/UC-ImageApps-HinduGodWallpapers/master/C7/HD/21.png,https://raw.githubusercontent.com/indpDB/UC-ImageApps-HinduGodWallpapers/master/C8/TH/21.png,https://raw.githubusercontent.com/indpDB/UC-ImageApps-HinduGodWallpapers/master/C8/HD/21.png,,,https://raw.githubusercontent.com/indpDB/UC-ImageApps-HinduGodWallpapers/master/C10/TH/21.png,https://raw.githubusercontent.com/indpDB/UC-ImageApps-HinduGodWallpapers/master/C10/HD/21.png,,,,,,
,,,,,https://raw.githubusercontent.com/indpDB/UC-ImageApps-HinduGodWallpapers/master/C2/TH/22.png,https://raw.githubusercontent.com/indpDB/UC-ImageApps-HinduGodWallpapers/master/C2/HD/22.png,,,,,https://raw.githubusercontent.com/indpDB/UC-ImageApps-HinduGodWallpapers/master/C5/TH/22.png,https://raw.githubusercontent.com/indpDB/UC-ImageApps-HinduGodWallpapers/master/C5/HD/22.png,https://raw.githubusercontent.com/indpDB/UC-ImageApps-HinduGodWallpapers/master/C6/TH/22.png,https://raw.githubusercontent.com/indpDB/UC-ImageApps-HinduGodWallpapers/master/C6/HD/22.png,https://raw.githubusercontent.com/indpDB/UC-ImageApps-HinduGodWallpapers/master/C7/TH/22.png,https://raw.githubusercontent.com/indpDB/UC-ImageApps-HinduGodWallpapers/master/C7/HD/22.png,https://raw.githubusercontent.com/indpDB/UC-ImageApps-HinduGodWallpapers/master/C8/TH/22.png,https://raw.githubusercontent.com/indpDB/UC-ImageApps-HinduGodWallpapers/master/C8/HD/22.png,,,https://raw.githubusercontent.com/indpDB/UC-ImageApps-HinduGodWallpapers/master/C10/TH/22.png,https://raw.githubusercontent.com/indpDB/UC-ImageApps-HinduGodWallpapers/master/C10/HD/22.png,,,,,,
,,,,,https://raw.githubusercontent.com/indpDB/UC-ImageApps-HinduGodWallpapers/master/C2/TH/23.png,https://raw.githubusercontent.com/indpDB/UC-ImageApps-HinduGodWallpapers/master/C2/HD/23.png,,,,,https://raw.githubusercontent.com/indpDB/UC-ImageApps-HinduGodWallpapers/master/C5/TH/23.png,https://raw.githubusercontent.com/indpDB/UC-ImageApps-HinduGodWallpapers/master/C5/HD/23.png,https://raw.githubusercontent.com/indpDB/UC-ImageApps-HinduGodWallpapers/master/C6/TH/23.png,https://raw.githubusercontent.com/indpDB/UC-ImageApps-HinduGodWallpapers/master/C6/HD/23.png,https://raw.githubusercontent.com/indpDB/UC-ImageApps-HinduGodWallpapers/master/C7/TH/23.png,https://raw.githubusercontent.com/indpDB/UC-ImageApps-HinduGodWallpapers/master/C7/HD/23.png,,,,,https://raw.githubusercontent.com/indpDB/UC-ImageApps-HinduGodWallpapers/master/C10/TH/23.png,https://raw.githubusercontent.com/indpDB/UC-ImageApps-HinduGodWallpapers/master/C10/HD/23.png,,,,,,
,,,,,https://raw.githubusercontent.com/indpDB/UC-ImageApps-HinduGodWallpapers/master/C2/TH/24.png,https://raw.githubusercontent.com/indpDB/UC-ImageApps-HinduGodWallpapers/master/C2/HD/24.png,,,,,https://raw.githubusercontent.com/indpDB/UC-ImageApps-HinduGodWallpapers/master/C5/TH/24.png,https://raw.githubusercontent.com/indpDB/UC-ImageApps-HinduGodWallpapers/master/C5/HD/24.png,,,,,,,,,https://raw.githubusercontent.com/indpDB/UC-ImageApps-HinduGodWallpapers/master/C10/TH/24.png,https://raw.githubusercontent.com/indpDB/UC-ImageApps-HinduGodWallpapers/master/C10/HD/24.png,,,,,,
,,,,,https://raw.githubusercontent.com/indpDB/UC-ImageApps-HinduGodWallpapers/master/C2/TH/25.png,https://raw.githubusercontent.com/indpDB/UC-ImageApps-HinduGodWallpapers/master/C2/HD/25.png,,,,,https://raw.githubusercontent.com/indpDB/UC-ImageApps-HinduGodWallpapers/master/C5/TH/25.png,https://raw.githubusercontent.com/indpDB/UC-ImageApps-HinduGodWallpapers/master/C5/HD/25.png,,,,,,,,,https://raw.githubusercontent.com/indpDB/UC-ImageApps-HinduGodWallpapers/master/C10/TH/25.png,https://raw.githubusercontent.com/indpDB/UC-ImageApps-HinduGodWallpapers/master/C10/HD/25.png,,,,,,
,,,,,,,,,,,https://raw.githubusercontent.com/indpDB/UC-ImageApps-HinduGodWallpapers/master/C5/TH/26.png,https://raw.githubusercontent.com/indpDB/UC-ImageApps-HinduGodWallpapers/master/C5/HD/26.png,,,,,,,,,https://raw.githubusercontent.com/indpDB/UC-ImageApps-HinduGodWallpapers/master/C10/TH/26.png,https://raw.githubusercontent.com/indpDB/UC-ImageApps-HinduGodWallpapers/master/C10/HD/26.png,,,,,,
,,,,,,,,,,,https://raw.githubusercontent.com/indpDB/UC-ImageApps-HinduGodWallpapers/master/C5/TH/27.png,https://raw.githubusercontent.com/indpDB/UC-ImageApps-HinduGodWallpapers/master/C5/HD/27.png,,,,,,,,,https://raw.githubusercontent.com/indpDB/UC-ImageApps-HinduGodWallpapers/master/C10/TH/27.png,https://raw.githubusercontent.com/indpDB/UC-ImageApps-HinduGodWallpapers/master/C10/HD/27.png,,,,,,
,,,,,,,,,,,https://raw.githubusercontent.com/indpDB/UC-ImageApps-HinduGodWallpapers/master/C5/TH/28.png,https://raw.githubusercontent.com/indpDB/UC-ImageApps-HinduGodWallpapers/master/C5/HD/28.png,,,,,,,,,https://raw.githubusercontent.com/indpDB/UC-ImageApps-HinduGodWallpapers/master/C10/TH/28.png,https://raw.githubusercontent.com/indpDB/UC-ImageApps-HinduGodWallpapers/master/C10/HD/28.png,,,,,,
,,,,,,,,,,,https://raw.githubusercontent.com/indpDB/UC-ImageApps-HinduGodWallpapers/master/C5/TH/29.png,https://raw.githubusercontent.com/indpDB/UC-ImageApps-HinduGodWallpapers/master/C5/HD/29.png,,,,,,,,,https://raw.githubusercontent.com/indpDB/UC-ImageApps-HinduGodWallpapers/master/C10/TH/29.png,https://raw.githubusercontent.com/indpDB/UC-ImageApps-HinduGodWallpapers/master/C10/HD/29.png,,,,,,
,,,,,,,,,,,https://raw.githubusercontent.com/indpDB/UC-ImageApps-HinduGodWallpapers/master/C5/TH/30.png,https://raw.githubusercontent.com/indpDB/UC-ImageApps-HinduGodWallpapers/master/C5/HD/30.png,,,,,,,,,https://raw.githubusercontent.com/indpDB/UC-ImageApps-HinduGodWallpapers/master/C10/TH/30.png,https://raw.githubusercontent.com/indpDB/UC-ImageApps-HinduGodWallpapers/master/C10/HD/30.png,,,,,,
,,,,,,,,,,,https://raw.githubusercontent.com/indpDB/UC-ImageApps-HinduGodWallpapers/master/C5/TH/31.png,https://raw.githubusercontent.com/indpDB/UC-ImageApps-HinduGodWallpapers/master/C5/HD/31.png,,,,,,,,,https://raw.githubusercontent.com/indpDB/UC-ImageApps-HinduGodWallpapers/master/C10/TH/31.png,https://raw.githubusercontent.com/indpDB/UC-ImageApps-HinduGodWallpapers/master/C10/HD/31.png,,,,,,
,,,,,,,,,,,https://raw.githubusercontent.com/indpDB/UC-ImageApps-HinduGodWallpapers/master/C5/TH/32.png,https://raw.githubusercontent.com/indpDB/UC-ImageApps-HinduGodWallpapers/master/C5/HD/32.png,,,,,,,,,https://raw.githubusercontent.com/indpDB/UC-ImageApps-HinduGodWallpapers/master/C10/TH/32.png,https://raw.githubusercontent.com/indpDB/UC-ImageApps-HinduGodWallpapers/master/C10/HD/32.png,,,,,,
,,,,,,,,,,,https://raw.githubusercontent.com/indpDB/UC-ImageApps-HinduGodWallpapers/master/C5/TH/33.png,https://raw.githubusercontent.com/indpDB/UC-ImageApps-HinduGodWallpapers/master/C5/HD/33.png,,,,,,,,,https://raw.githubusercontent.com/indpDB/UC-ImageApps-HinduGodWallpapers/master/C10/TH/33.png,https://raw.githubusercontent.com/indpDB/UC-ImageApps-HinduGodWallpapers/master/C10/HD/33.png,,,,,,
,,,,,,,,,,,https://raw.githubusercontent.com/indpDB/UC-ImageApps-HinduGodWallpapers/master/C5/TH/34.png,https://raw.githubusercontent.com/indpDB/UC-ImageApps-HinduGodWallpapers/master/C5/HD/34.png,,,,,,,,,https://raw.githubusercontent.com/indpDB/UC-ImageApps-HinduGodWallpapers/master/C10/TH/34.png,https://raw.githubusercontent.com/indpDB/UC-ImageApps-HinduGodWallpapers/master/C10/HD/34.png,,,,,,
,,,,,,,,,,,https://raw.githubusercontent.com/indpDB/UC-ImageApps-HinduGodWallpapers/master/C5/TH/35.png,https://raw.githubusercontent.com/indpDB/UC-ImageApps-HinduGodWallpapers/master/C5/HD/35.png,,,,,,,,,https://raw.githubusercontent.com/indpDB/UC-ImageApps-HinduGodWallpapers/master/C10/TH/35.png,https://raw.githubusercontent.com/indpDB/UC-ImageApps-HinduGodWallpapers/master/C10/HD/35.png,,,,,,
,,,,,,,,,,,https://raw.githubusercontent.com/indpDB/UC-ImageApps-HinduGodWallpapers/master/C5/TH/36.png,https://raw.githubusercontent.com/indpDB/UC-ImageApps-HinduGodWallpapers/master/C5/HD/36.png,,,,,,,,,https://raw.githubusercontent.com/indpDB/UC-ImageApps-HinduGodWallpapers/master/C10/TH/36.png,https://raw.githubusercontent.com/indpDB/UC-ImageApps-HinduGodWallpapers/master/C10/HD/36.png,,,,,,
,,,,,,,,,,,https://raw.githubusercontent.com/indpDB/UC-ImageApps-HinduGodWallpapers/master/C5/TH/37.png,https://raw.githubusercontent.com/indpDB/UC-ImageApps-HinduGodWallpapers/master/C5/HD/37.png,,,,,,,,,https://raw.githubusercontent.com/indpDB/UC-ImageApps-HinduGodWallpapers/master/C10/TH/37.png,https://raw.githubusercontent.com/indpDB/UC-ImageApps-HinduGodWallpapers/master/C10/HD/37.png,,,,,,
,,,,,,,,,,,https://raw.githubusercontent.com/indpDB/UC-ImageApps-HinduGodWallpapers/master/C5/TH/38.png,https://raw.githubusercontent.com/indpDB/UC-ImageApps-HinduGodWallpapers/master/C5/HD/38.png,,,,,,,,,https://raw.githubusercontent.com/indpDB/UC-ImageApps-HinduGodWallpapers/master/C10/TH/38.png,https://raw.githubusercontent.com/indpDB/UC-ImageApps-HinduGodWallpapers/master/C10/HD/38.png,,,,,,
,,,,,,,,,,,https://raw.githubusercontent.com/indpDB/UC-ImageApps-HinduGodWallpapers/master/C5/TH/39.png,https://raw.githubusercontent.com/indpDB/UC-ImageApps-HinduGodWallpapers/master/C5/HD/39.png,,,,,,,,,https://raw.githubusercontent.com/indpDB/UC-ImageApps-HinduGodWallpapers/master/C10/TH/39.png,https://raw.githubusercontent.com/indpDB/UC-ImageApps-HinduGodWallpapers/master/C10/HD/39.png,,,,,,
,,,,,,,,,,,https://raw.githubusercontent.com/indpDB/UC-ImageApps-HinduGodWallpapers/master/C5/TH/40.png,https://raw.githubusercontent.com/indpDB/UC-ImageApps-HinduGodWallpapers/master/C5/HD/40.png,,,,,,,,,https://raw.githubusercontent.com/indpDB/UC-ImageApps-HinduGodWallpapers/master/C10/TH/40.png,https://raw.githubusercontent.com/indpDB/UC-ImageApps-HinduGodWallpapers/master/C10/HD/40.png,,,,,,
,,,,,,,,,,,https://raw.githubusercontent.com/indpDB/UC-ImageApps-HinduGodWallpapers/master/C5/TH/41.png,https://raw.githubusercontent.com/indpDB/UC-ImageApps-HinduGodWallpapers/master/C5/HD/41.png,,,,,,,,,https://raw.githubusercontent.com/indpDB/UC-ImageApps-HinduGodWallpapers/master/C10/TH/41.png,https://raw.githubusercontent.com/indpDB/UC-ImageApps-HinduGodWallpapers/master/C10/HD/41.png,,,,,,
,,,,,,,,,,,https://raw.githubusercontent.com/indpDB/UC-ImageApps-HinduGodWallpapers/master/C5/TH/42.png,https://raw.githubusercontent.com/indpDB/UC-ImageApps-HinduGodWallpapers/master/C5/HD/42.png,,,,,,,,,https://raw.githubusercontent.com/indpDB/UC-ImageApps-HinduGodWallpapers/master/C10/TH/42.png,https://raw.githubusercontent.com/indpDB/UC-ImageApps-HinduGodWallpapers/master/C10/HD/42.png,,,,,,
,,,,,,,,,,,https://raw.githubusercontent.com/indpDB/UC-ImageApps-HinduGodWallpapers/master/C5/TH/43.png,https://raw.githubusercontent.com/indpDB/UC-ImageApps-HinduGodWallpapers/master/C5/HD/43.png,,,,,,,,,https://raw.githubusercontent.com/indpDB/UC-ImageApps-HinduGodWallpapers/master/C10/TH/43.png,https://raw.githubusercontent.com/indpDB/UC-ImageApps-HinduGodWallpapers/master/C10/HD/43.png,,,,,,
,,,,,,,,,,,https://raw.githubusercontent.com/indpDB/UC-ImageApps-HinduGodWallpapers/master/C5/TH/44.png,https://raw.githubusercontent.com/indpDB/UC-ImageApps-HinduGodWallpapers/master/C5/HD/44.png,,,,,,,,,https://raw.githubusercontent.com/indpDB/UC-ImageApps-HinduGodWallpapers/master/C10/TH/44.png,https://raw.githubusercontent.com/indpDB/UC-ImageApps-HinduGodWallpapers/master/C10/HD/44.png,,,,,,
,,,,,,,,,,,https://raw.githubusercontent.com/indpDB/UC-ImageApps-HinduGodWallpapers/master/C5/TH/45.png,https://raw.githubusercontent.com/indpDB/UC-ImageApps-HinduGodWallpapers/master/C5/HD/45.png,,,,,,,,,https://raw.githubusercontent.com/indpDB/UC-ImageApps-HinduGodWallpapers/master/C10/TH/45.png,https://raw.githubusercontent.com/indpDB/UC-ImageApps-HinduGodWallpapers/master/C10/HD/45.png,,,,,,
,,,,,,,,,,,https://raw.githubusercontent.com/indpDB/UC-ImageApps-HinduGodWallpapers/master/C5/TH/46.png,https://raw.githubusercontent.com/indpDB/UC-ImageApps-HinduGodWallpapers/master/C5/HD/46.png,,,,,,,,,https://raw.githubusercontent.com/indpDB/UC-ImageApps-HinduGodWallpapers/master/C10/TH/46.png,https://raw.githubusercontent.com/indpDB/UC-ImageApps-HinduGodWallpapers/master/C10/HD/46.png,,,,,,
,,,,,,,,,,,https://raw.githubusercontent.com/indpDB/UC-ImageApps-HinduGodWallpapers/master/C5/TH/47.png,https://raw.githubusercontent.com/indpDB/UC-ImageApps-HinduGodWallpapers/master/C5/HD/47.png,,,,,,,,,https://raw.githubusercontent.com/indpDB/UC-ImageApps-HinduGodWallpapers/master/C10/TH/47.png,https://raw.githubusercontent.com/indpDB/UC-ImageApps-HinduGodWallpapers/master/C10/HD/47.png,,,,,,
,,,,,,,,,,,https://raw.githubusercontent.com/indpDB/UC-ImageApps-HinduGodWallpapers/master/C5/TH/48.png,https://raw.githubusercontent.com/indpDB/UC-ImageApps-HinduGodWallpapers/master/C5/HD/48.png,,,,,,,,,https://raw.githubusercontent.com/indpDB/UC-ImageApps-HinduGodWallpapers/master/C10/TH/48.png,https://raw.githubusercontent.com/indpDB/UC-ImageApps-HinduGodWallpapers/master/C10/HD/48.png,,,,,,
,,,,,,,,,,,https://raw.githubusercontent.com/indpDB/UC-ImageApps-HinduGodWallpapers/master/C5/TH/49.png,https://raw.githubusercontent.com/indpDB/UC-ImageApps-HinduGodWallpapers/master/C5/HD/49.png,,,,,,,,,https://raw.githubusercontent.com/indpDB/UC-ImageApps-HinduGodWallpapers/master/C10/TH/49.png,https://raw.githubusercontent.com/indpDB/UC-ImageApps-HinduGodWallpapers/master/C10/HD/49.png,,,,,,
,,,,,,,,,,,https://raw.githubusercontent.com/indpDB/UC-ImageApps-HinduGodWallpapers/master/C5/TH/50.png,https://raw.githubusercontent.com/indpDB/UC-ImageApps-HinduGodWallpapers/master/C5/HD/50.png,,,,,,,,,https://raw.githubusercontent.com/indpDB/UC-ImageApps-HinduGodWallpapers/master/C10/TH/50.png,https://raw.githubusercontent.com/indpDB/UC-ImageApps-HinduGodWallpapers/master/C10/HD/50.png,,,,,,
,,,,,,,,,,,https://raw.githubusercontent.com/indpDB/UC-ImageApps-HinduGodWallpapers/master/C5/TH/51.png,https://raw.githubusercontent.com/indpDB/UC-ImageApps-HinduGodWallpapers/master/C5/HD/51.png,,,,,,,,,https://raw.githubusercontent.com/indpDB/UC-ImageApps-HinduGodWallpapers/master/C10/TH/51.png,https://raw.githubusercontent.com/indpDB/UC-ImageApps-HinduGodWallpapers/master/C10/HD/51.png,,,,,,
,,,,,,,,,,,https://raw.githubusercontent.com/indpDB/UC-ImageApps-HinduGodWallpapers/master/C5/TH/52.png,https://raw.githubusercontent.com/indpDB/UC-ImageApps-HinduGodWallpapers/master/C5/HD/52.png,,,,,,,,,https://raw.githubusercontent.com/indpDB/UC-ImageApps-HinduGodWallpapers/master/C10/TH/52.png,https://raw.githubusercontent.com/indpDB/UC-ImageApps-HinduGodWallpapers/master/C10/HD/52.png,,,,,,
,,,,,,,,,,,https://raw.githubusercontent.com/indpDB/UC-ImageApps-HinduGodWallpapers/master/C5/TH/53.png,https://raw.githubusercontent.com/indpDB/UC-ImageApps-HinduGodWallpapers/master/C5/HD/53.png,,,,,,,,,https://raw.githubusercontent.com/indpDB/UC-ImageApps-HinduGodWallpapers/master/C10/TH/53.png,https://raw.githubusercontent.com/indpDB/UC-ImageApps-HinduGodWallpapers/master/C10/HD/53.png,,,,,,
,,,,,,,,,,,https://raw.githubusercontent.com/indpDB/UC-ImageApps-HinduGodWallpapers/master/C5/TH/54.png,https://raw.githubusercontent.com/indpDB/UC-ImageApps-HinduGodWallpapers/master/C5/HD/54.png,,,,,,,,,https://raw.githubusercontent.com/indpDB/UC-ImageApps-HinduGodWallpapers/master/C10/TH/54.png,https://raw.githubusercontent.com/indpDB/UC-ImageApps-HinduGodWallpapers/master/C10/HD/54.png,,,,,,
,,,,,,,,,,,https://raw.githubusercontent.com/indpDB/UC-ImageApps-HinduGodWallpapers/master/C5/TH/55.png,https://raw.githubusercontent.com/indpDB/UC-ImageApps-HinduGodWallpapers/master/C5/HD/55.png,,,,,,,,,https://raw.githubusercontent.com/indpDB/UC-ImageApps-HinduGodWallpapers/master/C10/TH/55.png,https://raw.githubusercontent.com/indpDB/UC-ImageApps-HinduGodWallpapers/master/C10/HD/55.png,,,,,,
,,,,,,,,,,,https://raw.githubusercontent.com/indpDB/UC-ImageApps-HinduGodWallpapers/master/C5/TH/56.png,https://raw.githubusercontent.com/indpDB/UC-ImageApps-HinduGodWallpapers/master/C5/HD/56.png,,,,,,,,,https://raw.githubusercontent.com/indpDB/UC-ImageApps-HinduGodWallpapers/master/C10/TH/56.png,https://raw.githubusercontent.com/indpDB/UC-ImageApps-HinduGodWallpapers/master/C10/HD/56.png,,,,,,
,,,,,,,,,,,https://raw.githubusercontent.com/indpDB/UC-ImageApps-HinduGodWallpapers/master/C5/TH/57.png,https://raw.githubusercontent.com/indpDB/UC-ImageApps-HinduGodWallpapers/master/C5/HD/57.png,,,,,,,,,https://raw.githubusercontent.com/indpDB/UC-ImageApps-HinduGodWallpapers/master/C10/TH/57.png,https://raw.githubusercontent.com/indpDB/UC-ImageApps-HinduGodWallpapers/master/C10/HD/57.png,,,,,,
,,,,,,,,,,,https://raw.githubusercontent.com/indpDB/UC-ImageApps-HinduGodWallpapers/master/C5/TH/58.png,https://raw.githubusercontent.com/indpDB/UC-ImageApps-HinduGodWallpapers/master/C5/HD/58.png,,,,,,,,,https://raw.githubusercontent.com/indpDB/UC-ImageApps-HinduGodWallpapers/master/C10/TH/58.png,https://raw.githubusercontent.com/indpDB/UC-ImageApps-HinduGodWallpapers/master/C10/HD/58.png,,,,,,
,,,,,,,,,,,https://raw.githubusercontent.com/indpDB/UC-ImageApps-HinduGodWallpapers/master/C5/TH/59.png,https://raw.githubusercontent.com/indpDB/UC-ImageApps-HinduGodWallpapers/master/C5/HD/59.png,,,,,,,,,https://raw.githubusercontent.com/indpDB/UC-ImageApps-HinduGodWallpapers/master/C10/TH/59.png,https://raw.githubusercontent.com/indpDB/UC-ImageApps-HinduGodWallpapers/master/C10/HD/59.png,,,,,,
,,,,,,,,,,,https://raw.githubusercontent.com/indpDB/UC-ImageApps-HinduGodWallpapers/master/C5/TH/60.png,https://raw.githubusercontent.com/indpDB/UC-ImageApps-HinduGodWallpapers/master/C5/HD/60.png,,,,,,,,,https://raw.githubusercontent.com/indpDB/UC-ImageApps-HinduGodWallpapers/master/C10/TH/60.png,https://raw.githubusercontent.com/indpDB/UC-ImageApps-HinduGodWallpapers/master/C10/HD/60.png,,,,,,
,,,,,,,,,,,https://raw.githubusercontent.com/indpDB/UC-ImageApps-HinduGodWallpapers/master/C5/TH/61.png,https://raw.githubusercontent.com/indpDB/UC-ImageApps-HinduGodWallpapers/master/C5/HD/61.png,,,,,,,,,https://raw.githubusercontent.com/indpDB/UC-ImageApps-HinduGodWallpapers/master/C10/TH/61.png,https://raw.githubusercontent.com/indpDB/UC-ImageApps-HinduGodWallpapers/master/C10/HD/61.png,,,,,,
,,,,,,,,,,,https://raw.githubusercontent.com/indpDB/UC-ImageApps-HinduGodWallpapers/master/C5/TH/62.png,https://raw.githubusercontent.com/indpDB/UC-ImageApps-HinduGodWallpapers/master/C5/HD/62.png,,,,,,,,,https://raw.githubusercontent.com/indpDB/UC-ImageApps-HinduGodWallpapers/master/C10/TH/62.png,https://raw.githubusercontent.com/indpDB/UC-ImageApps-HinduGodWallpapers/master/C10/HD/62.png,,,,,,
,,,,,,,,,,,https://raw.githubusercontent.com/indpDB/UC-ImageApps-HinduGodWallpapers/master/C5/TH/63.png,https://raw.githubusercontent.com/indpDB/UC-ImageApps-HinduGodWallpapers/master/C5/HD/63.png,,,,,,,,,https://raw.githubusercontent.com/indpDB/UC-ImageApps-HinduGodWallpapers/master/C10/TH/63.png,https://raw.githubusercontent.com/indpDB/UC-ImageApps-HinduGodWallpapers/master/C10/HD/63.png,,,,,,
,,,,,,,,,,,https://raw.githubusercontent.com/indpDB/UC-ImageApps-HinduGodWallpapers/master/C5/TH/64.png,https://raw.githubusercontent.com/indpDB/UC-ImageApps-HinduGodWallpapers/master/C5/HD/64.png,,,,,,,,,https://raw.githubusercontent.com/indpDB/UC-ImageApps-HinduGodWallpapers/master/C10/TH/64.png,https://raw.githubusercontent.com/indpDB/UC-ImageApps-HinduGodWallpapers/master/C10/HD/64.png,,,,,,
,,,,,,,,,,,https://raw.githubusercontent.com/indpDB/UC-ImageApps-HinduGodWallpapers/master/C5/TH/65.png,https://raw.githubusercontent.com/indpDB/UC-ImageApps-HinduGodWallpapers/master/C5/HD/65.png,,,,,,,,,https://raw.githubusercontent.com/indpDB/UC-ImageApps-HinduGodWallpapers/master/C10/TH/65.png,https://raw.githubusercontent.com/indpDB/UC-ImageApps-HinduGodWallpapers/master/C10/HD/65.png,,,,,,
,,,,,,,,,,,https://raw.githubusercontent.com/indpDB/UC-ImageApps-HinduGodWallpapers/master/C5/TH/66.png,https://raw.githubusercontent.com/indpDB/UC-ImageApps-HinduGodWallpapers/master/C5/HD/66.png,,,,,,,,,https://raw.githubusercontent.com/indpDB/UC-ImageApps-HinduGodWallpapers/master/C10/TH/66.png,https://raw.githubusercontent.com/indpDB/UC-ImageApps-HinduGodWallpapers/master/C10/HD/66.png,,,,,,
,,,,,,,,,,,https://raw.githubusercontent.com/indpDB/UC-ImageApps-HinduGodWallpapers/master/C5/TH/67.png,https://raw.githubusercontent.com/indpDB/UC-ImageApps-HinduGodWallpapers/master/C5/HD/67.png,,,,,,,,,https://raw.githubusercontent.com/indpDB/UC-ImageApps-HinduGodWallpapers/master/C10/TH/67.png,https://raw.githubusercontent.com/indpDB/UC-ImageApps-HinduGodWallpapers/master/C10/HD/67.png,,,,,,
,,,,,,,,,,,https://raw.githubusercontent.com/indpDB/UC-ImageApps-HinduGodWallpapers/master/C5/TH/68.png,https://raw.githubusercontent.com/indpDB/UC-ImageApps-HinduGodWallpapers/master/C5/HD/68.png,,,,,,,,,https://raw.githubusercontent.com/indpDB/UC-ImageApps-HinduGodWallpapers/master/C10/TH/68.png,https://raw.githubusercontent.com/indpDB/UC-ImageApps-HinduGodWallpapers/master/C10/HD/68.png,,,,,,
,,,,,,,,,,,https://raw.githubusercontent.com/indpDB/UC-ImageApps-HinduGodWallpapers/master/C5/TH/69.png,https://raw.githubusercontent.com/indpDB/UC-ImageApps-HinduGodWallpapers/master/C5/HD/69.png,,,,,,,,,https://raw.githubusercontent.com/indpDB/UC-ImageApps-HinduGodWallpapers/master/C10/TH/69.png,https://raw.githubusercontent.com/indpDB/UC-ImageApps-HinduGodWallpapers/master/C10/HD/69.png,,,,,,
,,,,,,,,,,,https://raw.githubusercontent.com/indpDB/UC-ImageApps-HinduGodWallpapers/master/C5/TH/70.png,https://raw.githubusercontent.com/indpDB/UC-ImageApps-HinduGodWallpapers/master/C5/HD/70.png,,,,,,,,,https://raw.githubusercontent.com/indpDB/UC-ImageApps-HinduGodWallpapers/master/C10/TH/70.png,https://raw.githubusercontent.com/indpDB/UC-ImageApps-HinduGodWallpapers/master/C10/HD/70.png,,,,,,
,,,,,,,,,,,https://raw.githubusercontent.com/indpDB/UC-ImageApps-HinduGodWallpapers/master/C5/TH/71.png,https://raw.githubusercontent.com/indpDB/UC-ImageApps-HinduGodWallpapers/master/C5/HD/71.png,,,,,,,,,https://raw.githubusercontent.com/indpDB/UC-ImageApps-HinduGodWallpapers/master/C10/TH/71.png,https://raw.githubusercontent.com/indpDB/UC-ImageApps-HinduGodWallpapers/master/C10/HD/71.png,,,,,,
,,,,,,,,,,,https://raw.githubusercontent.com/indpDB/UC-ImageApps-HinduGodWallpapers/master/C5/TH/72.png,https://raw.githubusercontent.com/indpDB/UC-ImageApps-HinduGodWallpapers/master/C5/HD/72.png,,,,,,,,,https://raw.githubusercontent.com/indpDB/UC-ImageApps-HinduGodWallpapers/master/C10/TH/72.png,https://raw.githubusercontent.com/indpDB/UC-ImageApps-HinduGodWallpapers/master/C10/HD/72.png,,,,,,
,,,,,,,,,,,https://raw.githubusercontent.com/indpDB/UC-ImageApps-HinduGodWallpapers/master/C5/TH/73.png,https://raw.githubusercontent.com/indpDB/UC-ImageApps-HinduGodWallpapers/master/C5/HD/73.png,,,,,,,,,https://raw.githubusercontent.com/indpDB/UC-ImageApps-HinduGodWallpapers/master/C10/TH/73.png,https://raw.githubusercontent.com/indpDB/UC-ImageApps-HinduGodWallpapers/master/C10/HD/73.png,,,,,,
,,,,,,,,,,,https://raw.githubusercontent.com/indpDB/UC-ImageApps-HinduGodWallpapers/master/C5/TH/74.png,https://raw.githubusercontent.com/indpDB/UC-ImageApps-HinduGodWallpapers/master/C5/HD/74.png,,,,,,,,,https://raw.githubusercontent.com/indpDB/UC-ImageApps-HinduGodWallpapers/master/C10/TH/74.png,https://raw.githubusercontent.com/indpDB/UC-ImageApps-HinduGodWallpapers/master/C10/HD/74.png,,,,,,
,,,,,,,,,,,https://raw.githubusercontent.com/indpDB/UC-ImageApps-HinduGodWallpapers/master/C5/TH/75.png,https://raw.githubusercontent.com/indpDB/UC-ImageApps-HinduGodWallpapers/master/C5/HD/75.png,,,,,,,,,https://raw.githubusercontent.com/indpDB/UC-ImageApps-HinduGodWallpapers/master/C10/TH/75.png,https://raw.githubusercontent.com/indpDB/UC-ImageApps-HinduGodWallpapers/master/C10/HD/75.png,,,,,,
,,,,,,,,,,,https://raw.githubusercontent.com/indpDB/UC-ImageApps-HinduGodWallpapers/master/C5/TH/76.png,https://raw.githubusercontent.com/indpDB/UC-ImageApps-HinduGodWallpapers/master/C5/HD/76.png,,,,,,,,,https://raw.githubusercontent.com/indpDB/UC-ImageApps-HinduGodWallpapers/master/C10/TH/76.png,https://raw.githubusercontent.com/indpDB/UC-ImageApps-HinduGodWallpapers/master/C10/HD/76.png,,,,,,
,,,,,,,,,,,https://raw.githubusercontent.com/indpDB/UC-ImageApps-HinduGodWallpapers/master/C5/TH/77.png,https://raw.githubusercontent.com/indpDB/UC-ImageApps-HinduGodWallpapers/master/C5/HD/77.png,,,,,,,,,https://raw.githubusercontent.com/indpDB/UC-ImageApps-HinduGodWallpapers/master/C10/TH/77.png,https://raw.githubusercontent.com/indpDB/UC-ImageApps-HinduGodWallpapers/master/C10/HD/77.png,,,,,,
,,,,,,,,,,,https://raw.githubusercontent.com/indpDB/UC-ImageApps-HinduGodWallpapers/master/C5/TH/78.png,https://raw.githubusercontent.com/indpDB/UC-ImageApps-HinduGodWallpapers/master/C5/HD/78.png,,,,,,,,,https://raw.githubusercontent.com/indpDB/UC-ImageApps-HinduGodWallpapers/master/C10/TH/78.png,https://raw.githubusercontent.com/indpDB/UC-ImageApps-HinduGodWallpapers/master/C10/HD/78.png,,,,,,
,,,,,,,,,,,https://raw.githubusercontent.com/indpDB/UC-ImageApps-HinduGodWallpapers/master/C5/TH/79.png,https://raw.githubusercontent.com/indpDB/UC-ImageApps-HinduGodWallpapers/master/C5/HD/79.png,,,,,,,,,https://raw.githubusercontent.com/indpDB/UC-ImageApps-HinduGodWallpapers/master/C10/TH/79.png,https://raw.githubusercontent.com/indpDB/UC-ImageApps-HinduGodWallpapers/master/C10/HD/79.png,,,,,,
,,,,,,,,,,,https://raw.githubusercontent.com/indpDB/UC-ImageApps-HinduGodWallpapers/master/C5/TH/80.png,https://raw.githubusercontent.com/indpDB/UC-ImageApps-HinduGodWallpapers/master/C5/HD/80.png,,,,,,,,,https://raw.githubusercontent.com/indpDB/UC-ImageApps-HinduGodWallpapers/master/C10/TH/80.png,https://raw.githubusercontent.com/indpDB/UC-ImageApps-HinduGodWallpapers/master/C10/HD/80.png,,,,,,
,,,,,,,,,,,https://raw.githubusercontent.com/indpDB/UC-ImageApps-HinduGodWallpapers/master/C5/TH/81.png,https://raw.githubusercontent.com/indpDB/UC-ImageApps-HinduGodWallpapers/master/C5/HD/81.png,,,,,,,,,https://raw.githubusercontent.com/indpDB/UC-ImageApps-HinduGodWallpapers/master/C10/TH/81.png,https://raw.githubusercontent.com/indpDB/UC-ImageApps-HinduGodWallpapers/master/C10/HD/81.png,,,,,,
,,,,,,,,,,,https://raw.githubusercontent.com/indpDB/UC-ImageApps-HinduGodWallpapers/master/C5/TH/82.png,https://raw.githubusercontent.com/indpDB/UC-ImageApps-HinduGodWallpapers/master/C5/HD/82.png,,,,,,,,,https://raw.githubusercontent.com/indpDB/UC-ImageApps-HinduGodWallpapers/master/C10/TH/82.png,https://raw.githubusercontent.com/indpDB/UC-ImageApps-HinduGodWallpapers/master/C10/HD/82.png,,,,,,
,,,,,,,,,,,https://raw.githubusercontent.com/indpDB/UC-ImageApps-HinduGodWallpapers/master/C5/TH/83.png,https://raw.githubusercontent.com/indpDB/UC-ImageApps-HinduGodWallpapers/master/C5/HD/83.png,,,,,,,,,https://raw.githubusercontent.com/indpDB/UC-ImageApps-HinduGodWallpapers/master/C10/TH/83.png,https://raw.githubusercontent.com/indpDB/UC-ImageApps-HinduGodWallpapers/master/C10/HD/83.png,,,,,,
,,,,,,,,,,,https://raw.githubusercontent.com/indpDB/UC-ImageApps-HinduGodWallpapers/master/C5/TH/84.png,https://raw.githubusercontent.com/indpDB/UC-ImageApps-HinduGodWallpapers/master/C5/HD/84.png,,,,,,,,,https://raw.githubusercontent.com/indpDB/UC-ImageApps-HinduGodWallpapers/master/C10/TH/84.png,https://raw.githubusercontent.com/indpDB/UC-ImageApps-HinduGodWallpapers/master/C10/HD/84.png,,,,,,
,,,,,,,,,,,https://raw.githubusercontent.com/indpDB/UC-ImageApps-HinduGodWallpapers/master/C5/TH/85.png,https://raw.githubusercontent.com/indpDB/UC-ImageApps-HinduGodWallpapers/master/C5/HD/85.png,,,,,,,,,https://raw.githubusercontent.com/indpDB/UC-ImageApps-HinduGodWallpapers/master/C10/TH/85.png,https://raw.githubusercontent.com/indpDB/UC-ImageApps-HinduGodWallpapers/master/C10/HD/85.png,,,,,,
,,,,,,,,,,,https://raw.githubusercontent.com/indpDB/UC-ImageApps-HinduGodWallpapers/master/C5/TH/86.png,https://raw.githubusercontent.com/indpDB/UC-ImageApps-HinduGodWallpapers/master/C5/HD/86.png,,,,,,,,,https://raw.githubusercontent.com/indpDB/UC-ImageApps-HinduGodWallpapers/master/C10/TH/86.png,https://raw.githubusercontent.com/indpDB/UC-ImageApps-HinduGodWallpapers/master/C10/HD/86.png,,,,,,
,,,,,,,,,,,https://raw.githubusercontent.com/indpDB/UC-ImageApps-HinduGodWallpapers/master/C5/TH/87.png,https://raw.githubusercontent.com/indpDB/UC-ImageApps-HinduGodWallpapers/master/C5/HD/87.png,,,,,,,,,https://raw.githubusercontent.com/indpDB/UC-ImageApps-HinduGodWallpapers/master/C10/TH/87.png,https://raw.githubusercontent.com/indpDB/UC-ImageApps-HinduGodWallpapers/master/C10/HD/87.png,,,,,,
,,,,,,,,,,,https://raw.githubusercontent.com/indpDB/UC-ImageApps-HinduGodWallpapers/master/C5/TH/88.png,https://raw.githubusercontent.com/indpDB/UC-ImageApps-HinduGodWallpapers/master/C5/HD/88.png,,,,,,,,,https://raw.githubusercontent.com/indpDB/UC-ImageApps-HinduGodWallpapers/master/C10/TH/88.png,https://raw.githubusercontent.com/indpDB/UC-ImageApps-HinduGodWallpapers/master/C10/HD/88.png,,,,,,
,,,,,,,,,,,https://raw.githubusercontent.com/indpDB/UC-ImageApps-HinduGodWallpapers/master/C5/TH/89.png,https://raw.githubusercontent.com/indpDB/UC-ImageApps-HinduGodWallpapers/master/C5/HD/89.png,,,,,,,,,https://raw.githubusercontent.com/indpDB/UC-ImageApps-HinduGodWallpapers/master/C10/TH/89.png,https://raw.githubusercontent.com/indpDB/UC-ImageApps-HinduGodWallpapers/master/C10/HD/89.png,,,,,,
,,,,,,,,,,,https://raw.githubusercontent.com/indpDB/UC-ImageApps-HinduGodWallpapers/master/C5/TH/90.png,https://raw.githubusercontent.com/indpDB/UC-ImageApps-HinduGodWallpapers/master/C5/HD/90.png,,,,,,,,,https://raw.githubusercontent.com/indpDB/UC-ImageApps-HinduGodWallpapers/master/C10/TH/90.png,https://raw.githubusercontent.com/indpDB/UC-ImageApps-HinduGodWallpapers/master/C10/HD/90.png,,,,,,
,,,,,,,,,,,https://raw.githubusercontent.com/indpDB/UC-ImageApps-HinduGodWallpapers/master/C5/TH/91.png,https://raw.githubusercontent.com/indpDB/UC-ImageApps-HinduGodWallpapers/master/C5/HD/91.png,,,,,,,,,https://raw.githubusercontent.com/indpDB/UC-ImageApps-HinduGodWallpapers/master/C10/TH/91.png,https://raw.githubusercontent.com/indpDB/UC-ImageApps-HinduGodWallpapers/master/C10/HD/91.png,,,,,,
,,,,,,,,,,,,,,,,,,,,,https://raw.githubusercontent.com/indpDB/UC-ImageApps-HinduGodWallpapers/master/C10/TH/92.png,https://raw.githubusercontent.com/indpDB/UC-ImageApps-HinduGodWallpapers/master/C10/HD/92.png,,,,,,
,,,,,,,,,,,,,,,,,,,,,https://raw.githubusercontent.com/indpDB/UC-ImageApps-HinduGodWallpapers/master/C10/TH/93.png,https://raw.githubusercontent.com/indpDB/UC-ImageApps-HinduGodWallpapers/master/C10/HD/93.png,,,,,,
